2013-04-04 19:47:00,4.492198818763317e-13
2013-04-04 19:48:00,2.572360705219597e-13
2013-04-04 19:49:00,5.277166542102071e-13
2013-04-04 19:50:00,7.647115683759017e-13
2013-04-04 19:51:00,7.406693721183149e-13
2013-04-04 19:52:00,0.0
2013-04-04 19:53:00,3.4071063164221147e-13
2013-04-04 19:54:00,1.389394905221588e-13
2013-04-04 19:55:00,3.587149943595772e-13
2013-04-04 19:56:00,6.195570847280664e-13
2013-04-04 19:57:00,1.885052190972711e-13
2013-04-04 19:58:00,8.68828255383445e-14
2013-04-04 19:59:00,3.9183202701618134e-14
2013-04-04 20:00:00,0.0
2013-04-04 20:01:00,0.0
2013-04-04 20:02:00,0.0
2013-04-04 20:03:00,0.0
2013-04-04 20:04:00,0.0
2013-04-04 20:05:00,4.3209226442532767e-13
2013-04-04 20:06:00,4.3616943035194133e-13
2013-04-04 20:07:00,6.668865167647422e-13
2013-04-04 20:08:00,3.285677112253959e-13
2013-04-04 20:09:00,4.659890789490138e-14
2013-04-04 20:10:00,0.0
2013-04-04 20:11:00,1.0679787260704406e-13
2013-04-04 20:12:00,0.0
2013-04-04 20:13:00,0.0
2013-04-04 20:14:00,5.3044604104935033e-14
2013-04-04 20:15:00,0.0
2013-04-04 20:16:00,0.0
2013-04-04 20:17:00,5.474862039551851e-14
2013-04-04 20:18:00,0.0
2013-04-04 20:19:00,5.543476269386514e-14
2013-04-04 20:20:00,0.0
2013-04-04 20:21:00,0.0
2013-04-04 20:22:00,1.1291005576032916e-13
2013-04-04 20:23:00,1.6989326967115385e-13
2013-04-04 20:24:00,5.632106851624371e-14
2013-04-04 20:25:00,0.0
2013-04-04 20:26:00,0.0
2013-04-04 20:27:00,0.0
2013-04-04 20:28:00,0.0
2013-04-04 20:29:00,0.0
2013-04-04 20:30:00,5.6684582419929226e-14
2013-04-04 20:31:00,0.0
2013-04-04 20:32:00,0.0
2013-04-04 20:33:00,0.0
2013-04-04 20:34:00,0.0
2013-04-04 20:35:00,0.0
2013-04-04 20:36:00,0.0
2013-04-04 20:37:00,0.0
2013-04-04 20:38:00,5.6810939971997e-14
2013-04-04 20:39:00,0.0
2013-04-04 20:40:00,0.0
2013-04-04 20:41:00,0.0
2013-04-04 20:42:00,1.1367215093888599e-13
2013-04-04 20:43:00,0.0
2013-04-04 20:44:00,0.0
2013-04-04 20:45:00,5.683532005844463e-14
2013-04-04 20:46:00,0.0
2013-04-04 20:47:00,0.0
2013-04-04 20:48:00,5.683895289975127e-14
2013-04-04 20:49:00,5.683975662496686e-14
2013-04-04 20:50:00,0.0
2013-04-04 20:51:00,5.6840956174689075e-14
2013-04-04 20:52:00,0.0
2013-04-04 20:53:00,0.0
2013-04-04 20:54:00,0.0
2013-04-04 20:55:00,6.821199127159833e-13
2013-04-04 20:56:00,5.684332754079871e-13
2013-04-04 20:57:00,5.684334397537869e-13
2013-04-04 20:58:00,4.547467368011647e-13
2013-04-04 20:59:00,5.684336850378151e-13
2013-04-04 21:00:00,5.684337756638001e-13
2013-04-04 21:01:00,7.958075254233387e-13
2013-04-04 21:02:00,6.82120748643553e-13
2013-04-04 21:03:00,4.547471231746383e-13
2013-04-04 21:04:00,5.684340018768482e-13
2013-04-04 21:05:00,5.684340354822911e-13
2013-04-04 21:06:00,6.821209007614824e-13
2013-04-04 21:07:00,4.547472479163739e-13
2013-04-04 21:08:00,5.68434104169199e-13
2013-04-04 21:09:00,6.821209570870196e-13
2013-04-04 21:10:00,4.5474729410517816e-13
2013-04-04 21:11:00,5.684341420455468e-13
2013-04-04 21:12:00,5.684341504252621e-13
2013-04-04 21:13:00,5.684341572969059e-13
2013-04-04 21:14:00,5.684341629318812e-13
2013-04-04 21:15:00,4.547473298311314e-13
2013-04-04 21:16:00,4.5474733362039457e-13
2013-04-04 21:17:00,4.5474733672771576e-13
2013-04-04 21:18:00,4.5474733927582196e-13
2013-04-04 21:19:00,2.842169990929327e-14
2013-04-04 21:20:00,0.0
2013-04-04 21:21:00,0.0
2013-04-04 21:22:00,0.0
2013-04-04 21:23:00,0.0
2013-04-04 21:24:00,0.0
2013-04-04 21:25:00,0.0
2013-04-04 21:26:00,0.0
2013-04-04 21:27:00,0.0
2013-04-04 21:28:00,0.0
2013-04-04 21:29:00,0.0
2013-04-04 21:30:00,0.0
2013-04-04 21:31:00,0.0
2013-04-04 21:32:00,0.0
2013-04-04 21:33:00,0.0
2013-04-04 21:34:00,0.0
2013-04-04 21:35:00,0.0
2013-04-04 21:36:00,0.0
2013-04-04 21:37:00,0.0
2013-04-04 21:38:00,0.0
2013-04-04 21:39:00,0.0
2013-04-04 21:40:00,0.0
2013-04-04 21:41:00,0.0
2013-04-04 21:42:00,0.0
2013-04-04 21:43:00,0.0
2013-04-04 21:44:00,0.0
2013-04-04 21:45:00,0.0
2013-04-04 21:46:00,0.0
2013-04-04 21:47:00,0.0
2013-04-04 21:48:00,0.0
2013-04-04 21:49:00,0.0
2013-04-04 21:50:00,0.0
2013-04-04 21:51:00,0.0
2013-04-04 21:52:00,0.0
2013-04-04 21:53:00,0.0
2013-04-04 21:54:00,0.0
2013-04-04 21:55:00,0.0
2013-04-04 21:56:00,0.0
2013-04-04 21:57:00,0.0
2013-04-04 21:58:00,0.0
2013-04-04 21:59:00,0.0
2013-04-04 22:00:00,0.0
2013-04-04 22:01:00,0.0
2013-04-04 22:02:00,0.0
2013-04-04 22:03:00,0.0
2013-04-04 22:04:00,0.0
2013-04-04 22:05:00,0.0
2013-04-04 22:06:00,0.0
2013-04-04 22:07:00,0.0
2013-04-04 22:08:00,0.0
2013-04-04 22:09:00,0.0
2013-04-04 22:10:00,0.0
2013-04-04 22:11:00,0.0
2013-04-04 22:12:00,0.0
2013-04-04 22:13:00,0.0
2013-04-04 22:14:00,0.0
2013-04-04 22:15:00,0.0
2013-04-04 22:16:00,0.0
2013-04-04 22:17:00,0.0
2013-04-04 22:18:00,0.0
2013-04-04 22:19:00,0.0
2013-04-04 22:20:00,0.0
2013-04-04 22:21:00,0.0
2013-04-04 22:22:00,0.0
2013-04-04 22:23:00,0.0
2013-04-04 22:24:00,0.0
2013-04-04 22:25:00,0.0
2013-04-04 22:26:00,0.0
2013-04-04 22:27:00,0.0
2013-04-04 22:28:00,0.0
2013-04-04 22:29:00,0.0
2013-04-04 22:30:00,0.0
2013-04-04 22:31:00,0.0
2013-04-04 22:32:00,0.0
2013-04-04 22:33:00,0.0
2013-04-04 22:34:00,0.0
2013-04-04 22:35:00,0.0
2013-04-04 22:36:00,0.0
2013-04-04 22:37:00,0.0
2013-04-04 22:38:00,0.0
2013-04-04 22:39:00,0.0
2013-04-04 22:40:00,0.0
2013-04-04 22:41:00,0.0
2013-04-04 22:42:00,0.0
2013-04-04 22:43:00,0.0
2013-04-04 22:44:00,0.0
2013-04-04 22:45:00,0.0
2013-04-04 22:46:00,0.0
2013-04-04 22:47:00,0.0
2013-04-04 22:48:00,0.0
2013-04-04 22:49:00,0.0
2013-04-04 22:50:00,0.0
2013-04-04 22:51:00,0.0
2013-04-04 22:52:00,0.0
2013-04-04 22:53:00,0.0
2013-04-04 22:54:00,0.0
2013-04-04 22:55:00,0.0
2013-04-04 22:56:00,0.0
2013-04-04 22:57:00,0.0
2013-04-04 22:58:00,0.0
2013-04-04 22:59:00,0.0
2013-04-04 23:00:00,0.0
2013-04-04 23:01:00,0.0
2013-04-04 23:02:00,0.0
2013-04-04 23:03:00,0.0
2013-04-04 23:04:00,0.0
2013-04-04 23:05:00,0.0
2013-04-04 23:06:00,0.0
2013-04-04 23:07:00,0.0
2013-04-04 23:08:00,0.0
2013-04-04 23:09:00,0.0
2013-04-04 23:10:00,0.0
2013-04-04 23:11:00,0.0
2013-04-04 23:12:00,0.0
2013-04-04 23:13:00,0.0
2013-04-04 23:14:00,0.0
2013-04-04 23:15:00,0.0
2013-04-04 23:16:00,0.0
2013-04-04 23:17:00,0.0
2013-04-04 23:18:00,0.0
2013-04-04 23:19:00,0.0
2013-04-04 23:20:00,0.0
2013-04-04 23:21:00,0.0
2013-04-04 23:22:00,0.0
2013-04-04 23:23:00,0.0
2013-04-04 23:24:00,0.0
2013-04-04 23:25:00,0.0
2013-04-04 23:26:00,0.0
2013-04-04 23:27:00,0.0
2013-04-04 23:28:00,0.0
2013-04-04 23:29:00,0.0
2013-04-04 23:30:00,0.0
2013-04-04 23:31:00,1.1368683772161603e-13
2013-04-04 23:32:00,1.1368683772161603e-13
2013-04-04 23:33:00,1.7053025658242404e-13
2013-04-04 23:34:00,5.684341886080802e-14
2013-04-04 23:35:00,1.1368683772161603e-13
2013-04-04 23:36:00,1.7053025658242404e-13
2013-04-04 23:37:00,1.1368683772161603e-13
2013-04-04 23:38:00,1.1368683772161603e-13
2013-04-04 23:39:00,1.7053025658242404e-13
2013-04-04 23:40:00,1.1368683772161603e-13
2013-04-04 23:41:00,0.0
2013-04-04 23:42:00,0.0
2013-04-04 23:43:00,0.0
2013-04-04 23:44:00,0.0
2013-04-04 23:45:00,0.0
2013-04-04 23:46:00,0.0
2013-04-04 23:47:00,0.0
2013-04-04 23:48:00,0.0
2013-04-04 23:49:00,0.0
2013-04-04 23:50:00,0.0
2013-04-04 23:51:00,0.0
2013-04-04 23:52:00,0.0
2013-04-04 23:53:00,0.0
2013-04-04 23:54:00,0.0
2013-04-04 23:55:00,0.0
2013-04-04 23:56:00,0.0
2013-04-04 23:57:00,0.0
2013-04-04 23:58:00,0.0
2013-04-04 23:59:00,0.0
2013-04-05 00:00:00,0.0
2013-04-05 00:01:00,0.0
2013-04-05 00:02:00,0.0
2013-04-05 00:03:00,0.0
2013-04-05 00:04:00,0.0
2013-04-05 00:05:00,0.0
2013-04-05 00:06:00,0.0
2013-04-05 00:07:00,0.0
2013-04-05 00:08:00,0.0
2013-04-05 00:09:00,0.0
2013-04-05 00:10:00,0.0
2013-04-05 00:11:00,0.0
2013-04-05 00:12:00,0.0
2013-04-05 00:13:00,0.0
2013-04-05 00:14:00,0.0
2013-04-05 00:15:00,0.0
2013-04-05 00:16:00,0.0
2013-04-05 00:17:00,0.0
2013-04-05 00:18:00,0.0
2013-04-05 00:19:00,0.0
2013-04-05 00:20:00,0.0
2013-04-05 00:21:00,0.0
2013-04-05 00:22:00,0.0
2013-04-05 00:23:00,0.0
2013-04-05 00:24:00,0.3799999999999173
2013-04-05 00:25:00,0.0
2013-04-05 00:26:00,0.10999999999991417
2013-04-05 00:27:00,0.0
2013-04-05 00:28:00,0.3799999999999173
2013-04-05 00:29:00,0.0
2013-04-05 00:30:00,0.10999999999990706
2013-04-05 00:31:00,0.0
2013-04-05 00:32:00,0.0
2013-04-05 00:33:00,0.32999999999992013
2013-04-05 00:34:00,0.0
2013-04-05 00:35:00,0.10999999999991417
2013-04-05 00:36:00,0.11999999999990507
2013-04-05 00:37:00,0.0
2013-04-05 00:38:00,0.10999999999989996
2013-04-05 00:39:00,0.2199999999999136
2013-04-05 00:40:00,0.0
2013-04-05 00:41:00,0.32999999999991303
2013-04-05 00:42:00,0.0
2013-04-05 00:43:00,0.0
2013-04-05 00:44:00,0.0
2013-04-05 00:45:00,0.0
2013-04-05 00:46:00,0.10999999999990706
2013-04-05 00:47:00,0.0
2013-04-05 00:48:00,0.0
2013-04-05 00:49:00,0.0
2013-04-05 00:50:00,0.0
2013-04-05 00:51:00,0.0
2013-04-05 00:52:00,0.0
2013-04-05 00:53:00,0.0
2013-04-05 00:54:00,0.0
2013-04-05 00:55:00,0.0
2013-04-05 00:56:00,0.0
2013-04-05 00:57:00,0.0
2013-04-05 00:58:00,0.0
2013-04-05 00:59:00,0.10999999999991417
2013-04-05 01:00:00,0.10999999999991417
2013-04-05 01:01:00,0.0
2013-04-05 01:02:00,0.0
2013-04-05 01:03:00,0.0
2013-04-05 01:04:00,0.0
2013-04-05 01:05:00,0.0
2013-04-05 01:06:00,0.0
2013-04-05 01:07:00,0.0
2013-04-05 01:08:00,0.0
2013-04-05 01:09:00,64.43999999992198
2013-04-05 01:10:00,73.77999999991067
2013-04-05 01:11:00,64.21999999992221
2013-04-05 01:12:00,33.61999999995925
2013-04-05 01:13:00,156.4399999998107
2013-04-05 01:14:00,128.43999999984453
2013-04-05 01:15:00,0.0
2013-04-05 01:16:00,0.0
2013-04-05 01:17:00,0.0
2013-04-05 01:18:00,0.10999999999992838
2013-04-05 01:19:00,0.0
2013-04-05 01:20:00,0.32999999999991303
2013-04-05 01:21:00,0.11000000000001364
2013-04-05 01:22:00,0.1099999999999568
2013-04-05 01:23:00,0.0
2013-04-05 01:24:00,0.0
2013-04-05 01:25:00,0.10999999999992838
2013-04-05 01:26:00,0.0
2013-04-05 01:27:00,0.24999999999994316
2013-04-05 01:28:00,0.0
2013-04-05 01:29:00,0.0
2013-04-05 01:30:00,0.0
2013-04-05 01:31:00,73.11999999991153
2013-04-05 01:32:00,35.43999999995704
2013-04-05 01:33:00,38.77999999995299
2013-04-05 01:34:00,0.11999999999991928
2013-04-05 01:35:00,0.10999999999991417
2013-04-05 01:36:00,0.2199999999999136
2013-04-05 01:37:00,0.0
2013-04-05 01:38:00,0.0
2013-04-05 01:39:00,63.549999999923166
2013-04-05 01:40:00,26.219999999968195
2013-04-05 01:41:00,85.75999999989668
2013-04-05 01:42:00,0.0
2013-04-05 01:43:00,0.10999999999998522
2013-04-05 01:44:00,0.11999999999997613
2013-04-05 01:45:00,0.0
2013-04-05 01:46:00,1.5499999999984766
2013-04-05 01:47:00,0.0
2013-04-05 01:48:00,0.24999999999994316
2013-04-05 01:49:00,0.21999999999997044
2013-04-05 01:50:00,0.21999999999997044
2013-04-05 01:51:00,0.32999999999995566
2013-04-05 01:52:00,0.1199999999999477
2013-04-05 01:53:00,0.21999999999994202
2013-04-05 01:54:00,0.21999999999994202
2013-04-05 01:55:00,65.65999999992081
2013-04-05 01:56:00,146.61999999982274
2013-04-05 01:57:00,0.1099999999999568
2013-04-05 01:58:00,0.0
2013-04-05 01:59:00,0.1099999999999568
2013-04-05 02:00:00,0.0
2013-04-05 02:01:00,0.10999999999998522
2013-04-05 02:02:00,0.32999999999995566
2013-04-05 02:03:00,0.1099999999999568
2013-04-05 02:04:00,0.24999999999997158
2013-04-05 02:05:00,0.1099999999999568
2013-04-05 02:06:00,0.2199999999999136
2013-04-05 02:07:00,0.0
2013-04-05 02:08:00,73.74999999991073
2013-04-05 02:09:00,197.8899999997608
2013-04-05 02:10:00,38.889999999953005
2013-04-05 02:11:00,44.77999999994587
2013-04-05 02:12:00,48.86999999994095
2013-04-05 02:13:00,44.32999999994629
2013-04-05 02:14:00,79.43999999990395
2013-04-05 02:15:00,81.1099999999018
2013-04-05 02:16:00,65.86999999992055
2013-04-05 02:17:00,74.76999999990987
2013-04-05 02:18:00,88.88999999989238
2013-04-05 02:19:00,88.35999999989332
2013-04-05 02:20:00,83.94999999989878
2013-04-05 02:21:00,85.54999999989656
2013-04-05 02:22:00,83.66999999989869
2013-04-05 02:23:00,83.11999999989939
2013-04-05 02:24:00,84.5499999998979
2013-04-05 02:25:00,81.10999999990193
2013-04-05 02:26:00,78.21999999990544
2013-04-05 02:27:00,85.1299999998974
2013-04-05 02:28:00,84.3299999998979
2013-04-05 02:29:00,81.779999999901
2013-04-05 02:30:00,86.6599999998956
2013-04-05 02:31:00,82.24999999990041
2013-04-05 02:32:00,26.88999999996738
2013-04-05 02:33:00,0.0
2013-04-05 02:34:00,13.219999999983912
2013-04-05 02:35:00,57.87999999992989
2013-04-05 02:36:00,68.77999999991671
2013-04-05 02:37:00,70.88999999991417
2013-04-05 02:38:00,82.61999999989999
2013-04-05 02:39:00,72.10999999991282
2013-04-05 02:40:00,64.43999999992195
2013-04-05 02:41:00,0.10999999999991417
2013-04-05 02:42:00,0.0
2013-04-05 02:43:00,0.10999999999990706
2013-04-05 02:44:00,0.2199999999999065
2013-04-05 02:45:00,0.0
2013-04-05 02:46:00,0.0
2013-04-05 02:47:00,0.0
2013-04-05 02:48:00,0.0
2013-04-05 02:49:00,0.11999999999991218
2013-04-05 02:50:00,0.0
2013-04-05 02:51:00,0.10999999999990706
2013-04-05 02:52:00,0.0
2013-04-05 02:53:00,0.0
2013-04-05 02:54:00,0.1099999999999568
2013-04-05 02:55:00,0.0
2013-04-05 02:56:00,0.0
2013-04-05 02:57:00,0.11999999999997613
2013-04-05 02:58:00,0.0
2013-04-05 02:59:00,0.1099999999999568
2013-04-05 03:00:00,0.10999999999998522
2013-04-05 03:01:00,0.11999999999997613
2013-04-05 03:02:00,0.0
2013-04-05 03:03:00,0.0
2013-04-05 03:04:00,0.0
2013-04-05 03:05:00,0.0
2013-04-05 03:06:00,0.0
2013-04-05 03:07:00,0.10999999999991417
2013-04-05 03:08:00,0.3299999999999059
2013-04-05 03:09:00,0.3799999999999244
2013-04-05 03:10:00,0.10999999999990706
2013-04-05 03:11:00,0.2199999999999065
2013-04-05 03:12:00,0.0
2013-04-05 03:13:00,0.0
2013-04-05 03:14:00,0.0
2013-04-05 03:15:00,0.0
2013-04-05 03:16:00,0.0
2013-04-05 03:17:00,72.1099999999127
2013-04-05 03:18:00,74.32999999991026
2013-04-05 03:19:00,0.24999999999990763
2013-04-05 03:20:00,0.10999999999990706
2013-04-05 03:21:00,0.2199999999999207
2013-04-05 03:22:00,0.10999999999989996
2013-04-05 03:23:00,0.11999999999991928
2013-04-05 03:24:00,0.0
2013-04-05 03:25:00,0.2199999999999136
2013-04-05 03:26:00,0.0
2013-04-05 03:27:00,59.239999999928415
2013-04-05 03:28:00,92.43999999988809
2013-04-05 03:29:00,93.54999999988686
2013-04-05 03:30:00,0.9999999999988347
2013-04-05 03:31:00,0.11999999999991218
2013-04-05 03:32:00,0.0
2013-04-05 03:33:00,0.10999999999991417
2013-04-05 03:34:00,0.10999999999992838
2013-04-05 03:35:00,0.24999999999991473
2013-04-05 03:36:00,0.10999999999991417
2013-04-05 03:37:00,0.10999999999989996
2013-04-05 03:38:00,72.25999999991296
2013-04-05 03:39:00,9.439999999988743
2013-04-05 03:40:00,100.5499999998784
2013-04-05 03:41:00,72.1199999999127
2013-04-05 03:42:00,59.54999999992819
2013-04-05 03:43:00,64.54999999992208
2013-04-05 03:44:00,84.88999999989723
2013-04-05 03:45:00,144.35999999982545
2013-04-05 03:46:00,0.10999999999988574
2013-04-05 03:47:00,0.0
2013-04-05 03:48:00,0.1199999999999335
2013-04-05 03:49:00,0.0
2013-04-05 03:50:00,0.0
2013-04-05 03:51:00,0.2199999999999136
2013-04-05 03:52:00,0.0
2013-04-05 03:53:00,0.0
2013-04-05 03:54:00,64.66999999992188
2013-04-05 03:55:00,125.88999999984775
2013-04-05 03:56:00,77.61999999990606
2013-04-05 03:57:00,127.7799999998455
2013-04-05 03:58:00,0.0
2013-04-05 03:59:00,21.669999999973697
2013-04-05 04:00:00,89.74999999989132
2013-04-05 04:01:00,127.5499999998458
2013-04-05 04:02:00,88.66999999989281
2013-04-05 04:03:00,94.32999999988587
2013-04-05 04:04:00,30.359999999963406
2013-04-05 04:05:00,63.32999999992336
2013-04-05 04:06:00,63.3299999999235
2013-04-05 04:07:00,142.4999999998277
2013-04-05 04:08:00,54.66999999993385
2013-04-05 04:09:00,92.55999999988799
2013-04-05 04:10:00,62.88999999992412
2013-04-05 04:11:00,0.11999999999976296
2013-04-05 04:12:00,63.43999999992317
2013-04-05 04:13:00,0.3299999999999059
2013-04-05 04:14:00,0.0
2013-04-05 04:15:00,0.0
2013-04-05 04:16:00,118.43999999985681
2013-04-05 04:17:00,106.43999999987116
2013-04-05 04:18:00,127.21999999984601
2013-04-05 04:19:00,33.94999999995923
2013-04-05 04:20:00,125.32999999984847
2013-04-05 04:21:00,74.66999999990959
2013-04-05 04:22:00,63.66999999992289
2013-04-05 04:23:00,0.24999999999990763
2013-04-05 04:24:00,0.10999999999990706
2013-04-05 04:25:00,0.0
2013-04-05 04:26:00,72.11999999991268
2013-04-05 04:27:00,63.3299999999233
2013-04-05 04:28:00,105.7799999998721
2013-04-05 04:29:00,120.21999999985465
2013-04-05 04:30:00,102.7499999998756
2013-04-05 04:31:00,63.5499999999233
2013-04-05 04:32:00,0.0
2013-04-05 04:33:00,0.0
2013-04-05 04:34:00,0.0
2013-04-05 04:35:00,63.66999999992291
2013-04-05 04:36:00,118.99999999985619
2013-04-05 04:37:00,143.11999999982692
2013-04-05 04:38:00,116.9999999998586
2013-04-05 04:39:00,63.99999999992261
2013-04-05 04:40:00,2.8899999999964336
2013-04-05 04:41:00,0.0
2013-04-05 04:42:00,0.21999999999999886
2013-04-05 04:43:00,0.0
2013-04-05 04:44:00,117.1199999998583
2013-04-05 04:45:00,91.66999999988926
2013-04-05 04:46:00,91.4399999998895
2013-04-05 04:47:00,123.43999999985081
2013-04-05 04:48:00,69.87999999991544
2013-04-05 04:49:00,127.66999999984552
2013-04-05 04:50:00,563.1099999993189
2013-04-05 04:51:00,566.2599999993154
2013-04-05 04:52:00,568.6699999993123
2013-04-05 04:53:00,567.219999999314
2013-04-05 04:54:00,567.5599999993133
2013-04-05 04:55:00,566.4399999993149
2013-04-05 04:56:00,568.2499999993126
2013-04-05 04:57:00,523.8899999993664
2013-04-05 04:58:00,564.2199999993178
2013-04-05 04:59:00,564.1099999993176
2013-04-05 05:00:00,521.9999999993686
2013-04-05 05:01:00,560.5499999993222
2013-04-05 05:02:00,524.3299999993658
2013-04-05 05:03:00,504.21999999939015
2013-04-05 05:04:00,522.7099999993682
2013-04-05 05:05:00,503.6699999993907
2013-04-05 05:06:00,567.2199999993139
2013-04-05 05:07:00,527.2199999993622
2013-04-05 05:08:00,527.8799999993613
2013-04-05 05:09:00,576.1099999993031
2013-04-05 05:10:00,534.4399999993537
2013-04-05 05:11:00,209.36999999974677
2013-04-05 05:12:00,159.43999999980704
2013-04-05 05:13:00,386.66999999953225
2013-04-05 05:14:00,579.8899999992987
2013-04-05 05:15:00,508.1199999993854
2013-04-05 05:16:00,537.6699999993496
2013-04-05 05:17:00,584.8899999992925
2013-04-05 05:18:00,564.5999999993174
2013-04-05 05:19:00,143.74999999982603
2013-04-05 05:20:00,127.8899999998452
2013-04-05 05:21:00,436.6699999994718
2013-04-05 05:22:00,540.4399999993462
2013-04-05 05:23:00,507.99999999938535
2013-04-05 05:24:00,474.9999999994254
2013-04-05 05:25:00,191.99999999976768
2013-04-05 05:26:00,196.49999999976222
2013-04-05 05:27:00,282.3299999996587
2013-04-05 05:28:00,524.5499999993656
2013-04-05 05:29:00,464.4399999994382
2013-04-05 05:30:00,520.6199999993703
2013-04-05 05:31:00,334.4399999995955
2013-04-05 05:32:00,130.10999999984278
2013-04-05 05:33:00,330.1099999996007
2013-04-05 05:34:00,563.7399999993182
2013-04-05 05:35:00,560.6699999993217
2013-04-05 05:36:00,253.32999999969368
2013-04-05 05:37:00,229.77999999972198
2013-04-05 05:38:00,380.6199999995397
2013-04-05 05:39:00,553.88999999933
2013-04-05 05:40:00,253.2199999996936
2013-04-05 05:41:00,285.99999999965405
2013-04-05 05:42:00,308.21999999962713
2013-04-05 05:43:00,253.669999999693
2013-04-05 05:44:00,253.1099999996937
2013-04-05 05:45:00,312.24999999962216
2013-04-05 05:46:00,188.32999999977216
2013-04-05 05:47:00,251.32999999969587
2013-04-05 05:48:00,170.11999999979412
2013-04-05 05:49:00,204.32999999975283
2013-04-05 05:50:00,153.55999999981418
2013-04-05 05:51:00,125.77999999984779
2013-04-05 05:52:00,140.99999999982936
2013-04-05 05:53:00,62.999999999923716
2013-04-05 05:54:00,125.10999999984858
2013-04-05 05:55:00,141.74999999982842
2013-04-05 05:56:00,122.10999999985216
2013-04-05 05:57:00,27.77999999996635
2013-04-05 05:58:00,53.88999999993507
2013-04-05 05:59:00,2.2737367544323206e-13
2013-04-05 06:00:00,3.410605131648481e-13
2013-04-05 06:01:00,3.410605131648481e-13
2013-04-05 06:02:00,4.547473508864641e-13
2013-04-05 06:03:00,3.410605131648481e-13
2013-04-05 06:04:00,5.684341886080801e-13
2013-04-05 06:05:00,5.684341886080801e-13
2013-04-05 06:06:00,3.865352482534945e-12
2013-04-05 06:07:00,6.59383658785373e-12
2013-04-05 06:08:00,6.366462912410498e-12
2013-04-05 06:09:00,3.637978807091713e-12
2013-04-05 06:10:00,6.821210263296962e-13
2013-04-05 06:11:00,5.684341886080801e-13
2013-04-05 06:12:00,1.2505552149377763e-12
2013-04-05 06:13:00,3.410605131648481e-13
2013-04-05 06:14:00,0.0
2013-04-05 06:15:00,0.0
2013-04-05 06:16:00,0.0
2013-04-05 06:17:00,0.0
2013-04-05 06:18:00,0.0
2013-04-05 06:19:00,3.410605131648481e-13
2013-04-05 06:20:00,5.684341886080801e-13
2013-04-05 06:21:00,3.410605131648481e-13
2013-04-05 06:22:00,4.547473508864641e-13
2013-04-05 06:23:00,2.2737367544323206e-13
2013-04-05 06:24:00,3.410605131648481e-13
2013-04-05 06:25:00,2.2737367544323206e-13
2013-04-05 06:26:00,2.2737367544323206e-13
2013-04-05 06:27:00,3.410605131648481e-13
2013-04-05 06:28:00,5.684341886080801e-13
2013-04-05 06:29:00,3.410605131648481e-13
2013-04-05 06:30:00,2.2737367544323206e-13
2013-04-05 06:31:00,3.410605131648481e-13
2013-04-05 06:32:00,5.684341886080801e-13
2013-04-05 06:33:00,4.547473508864641e-13
2013-04-05 06:34:00,3.410605131648481e-13
2013-04-05 06:35:00,2.2737367544323206e-13
2013-04-05 06:36:00,3.410605131648481e-13
2013-04-05 06:37:00,3.410605131648481e-13
2013-04-05 06:38:00,3.410605131648481e-13
2013-04-05 06:39:00,3.410605131648481e-13
2013-04-05 06:40:00,4.547473508864641e-13
2013-04-05 06:41:00,3.410605131648481e-13
2013-04-05 06:42:00,3.410605131648481e-13
2013-04-05 06:43:00,3.410605131648481e-13
2013-04-05 06:44:00,3.410605131648481e-13
2013-04-05 06:45:00,5.684341886080801e-13
2013-04-05 06:46:00,4.547473508864641e-13
2013-04-05 06:47:00,0.0
2013-04-05 06:48:00,0.0
2013-04-05 06:49:00,0.0
2013-04-05 06:50:00,0.0
2013-04-05 06:51:00,0.0
2013-04-05 06:52:00,0.0
2013-04-05 06:53:00,0.0
2013-04-05 06:54:00,0.0
2013-04-05 06:55:00,0.0
2013-04-05 06:56:00,0.0
2013-04-05 06:57:00,0.0
2013-04-05 06:58:00,0.0
2013-04-05 06:59:00,0.0
2013-04-05 07:00:00,0.0
2013-04-05 07:01:00,0.0
2013-04-05 07:02:00,0.0
2013-04-05 07:03:00,0.0
2013-04-05 07:04:00,0.0
2013-04-05 07:05:00,0.0
2013-04-05 07:06:00,0.0
2013-04-05 07:07:00,0.0
2013-04-05 07:08:00,0.0
2013-04-05 07:09:00,0.0
2013-04-05 07:10:00,0.0
2013-04-05 07:11:00,0.0
2013-04-05 07:12:00,0.0
2013-04-05 07:13:00,0.0
2013-04-05 07:14:00,0.0
2013-04-05 07:15:00,0.0
2013-04-05 07:16:00,0.0
2013-04-05 07:17:00,0.0
2013-04-05 07:18:00,0.0
2013-04-05 07:19:00,0.0
2013-04-05 07:20:00,0.0
2013-04-05 07:21:00,0.0
2013-04-05 07:22:00,0.0
2013-04-05 07:23:00,0.0
2013-04-05 07:24:00,0.0
2013-04-05 07:25:00,0.0
2013-04-05 07:26:00,0.0
2013-04-05 07:27:00,0.0
2013-04-05 07:28:00,0.0
2013-04-05 07:29:00,0.0
2013-04-05 07:30:00,0.0
2013-04-05 07:31:00,0.0
2013-04-05 07:32:00,0.0
2013-04-05 07:33:00,0.0
2013-04-05 07:34:00,0.0
2013-04-05 07:35:00,0.0
2013-04-05 07:36:00,0.0
2013-04-05 07:37:00,2.2737367544323206e-13
2013-04-05 07:38:00,0.0
2013-04-05 07:39:00,0.0
2013-04-05 07:40:00,0.0
2013-04-05 07:41:00,0.0
2013-04-05 07:42:00,0.0
2013-04-05 07:43:00,0.0
2013-04-05 07:44:00,0.0
2013-04-05 07:45:00,2.2737367544323206e-13
2013-04-05 07:46:00,1.1368683772161603e-13
2013-04-05 07:47:00,2.2737367544323206e-13
2013-04-05 07:48:00,0.0
2013-04-05 07:49:00,3.410605131648481e-13
2013-04-05 07:50:00,1.1368683772161603e-13
2013-04-05 07:51:00,2.2737367544323206e-13
2013-04-05 07:52:00,3.410605131648481e-13
2013-04-05 07:53:00,0.0
2013-04-05 07:54:00,2.2737367544323206e-13
2013-04-05 07:55:00,1.1368683772161603e-13
2013-04-05 07:56:00,2.2737367544323206e-13
2013-04-05 07:57:00,1.1368683772161603e-13
2013-04-05 07:58:00,0.0
2013-04-05 07:59:00,0.0
2013-04-05 08:00:00,0.0
2013-04-05 08:01:00,0.0
2013-04-05 08:02:00,1.1368683772161603e-13
2013-04-05 08:03:00,1.1368683772161603e-13
2013-04-05 08:04:00,0.0
2013-04-05 08:05:00,3.410605131648481e-13
2013-04-05 08:06:00,2.2737367544323206e-13
2013-04-05 08:07:00,0.0
2013-04-05 08:08:00,3.410605131648481e-13
2013-04-05 08:09:00,2.2737367544323206e-13
2013-04-05 08:10:00,1.1368683772161603e-13
2013-04-05 08:11:00,0.0
2013-04-05 08:12:00,3.410605131648481e-13
2013-04-05 08:13:00,0.0
2013-04-05 08:14:00,1.1368683772161603e-13
2013-04-05 08:15:00,0.0
2013-04-05 08:16:00,2.2737367544323206e-13
2013-04-05 08:17:00,3.410605131648481e-13
2013-04-05 08:18:00,1.1368683772161603e-13
2013-04-05 08:19:00,1.1368683772161603e-13
2013-04-05 08:20:00,3.410605131648481e-13
2013-04-05 08:21:00,3.410605131648481e-13
2013-04-05 08:22:00,3.410605131648481e-13
2013-04-05 08:23:00,2.2737367544323206e-13
2013-04-05 08:24:00,1.1368683772161603e-13
2013-04-05 08:25:00,1.1368683772161603e-13
2013-04-05 08:26:00,0.0
2013-04-05 08:27:00,0.0
2013-04-05 08:28:00,0.0
2013-04-05 08:29:00,0.0
2013-04-05 08:30:00,0.0
2013-04-05 08:31:00,0.0
2013-04-05 08:32:00,0.0
2013-04-05 08:33:00,0.0
2013-04-05 08:34:00,0.0
2013-04-05 08:35:00,0.0
2013-04-05 08:36:00,0.0
2013-04-05 08:37:00,0.0
2013-04-05 08:38:00,0.0
2013-04-05 08:39:00,0.0
2013-04-05 08:40:00,0.0
2013-04-05 08:41:00,0.0
2013-04-05 08:42:00,0.0
2013-04-05 08:43:00,0.0
2013-04-05 08:44:00,0.0
2013-04-05 08:45:00,0.0
2013-04-05 08:46:00,0.0
2013-04-05 08:47:00,0.0
2013-04-05 08:48:00,0.0
2013-04-05 08:49:00,0.0
2013-04-05 08:50:00,0.0
2013-04-05 08:51:00,0.0
2013-04-05 08:52:00,0.0
2013-04-05 08:53:00,0.0
2013-04-05 08:54:00,0.0
2013-04-05 08:55:00,0.0
2013-04-05 08:56:00,0.0
2013-04-05 08:57:00,0.0
2013-04-05 08:58:00,0.0
2013-04-05 08:59:00,0.0
2013-04-05 09:00:00,0.0
2013-04-05 09:01:00,0.0
2013-04-05 09:02:00,0.0
2013-04-05 09:03:00,0.0
2013-04-05 09:04:00,0.0
2013-04-05 09:05:00,0.0
2013-04-05 09:06:00,0.0
2013-04-05 09:07:00,0.0
2013-04-05 09:08:00,0.0
2013-04-05 09:09:00,0.0
2013-04-05 09:10:00,0.0
2013-04-05 09:11:00,0.0
2013-04-05 09:12:00,0.0
2013-04-05 09:13:00,0.0
2013-04-05 09:14:00,0.0
2013-04-05 09:15:00,0.0
2013-04-05 09:16:00,0.0
2013-04-05 09:17:00,0.0
2013-04-05 09:18:00,0.0
2013-04-05 09:19:00,0.0
2013-04-05 09:20:00,0.0
2013-04-05 09:21:00,0.0
2013-04-05 09:22:00,0.0
2013-04-05 09:23:00,0.0
2013-04-05 09:24:00,0.0
2013-04-05 09:25:00,0.0
2013-04-05 09:26:00,0.0
2013-04-05 09:27:00,0.0
2013-04-05 09:28:00,0.0
2013-04-05 09:29:00,0.0
2013-04-05 09:30:00,0.0
2013-04-05 09:31:00,0.0
2013-04-05 09:32:00,0.0
2013-04-05 09:33:00,0.0
2013-04-05 09:34:00,0.0
2013-04-05 09:35:00,0.0
2013-04-05 09:36:00,0.0
2013-04-05 09:37:00,0.0
2013-04-05 09:38:00,0.0
2013-04-05 09:39:00,0.0
2013-04-05 09:40:00,0.0
2013-04-05 09:41:00,0.0
2013-04-05 09:42:00,0.0
2013-04-05 09:43:00,0.0
2013-04-05 09:44:00,0.0
2013-04-05 09:45:00,0.0
2013-04-05 09:46:00,0.0
2013-04-05 09:47:00,0.0
2013-04-05 09:48:00,0.0
2013-04-05 09:49:00,0.0
2013-04-05 09:50:00,0.0
2013-04-05 09:51:00,0.0
2013-04-05 09:52:00,0.0
2013-04-05 09:53:00,0.0
2013-04-05 09:54:00,0.0
2013-04-05 09:55:00,0.0
2013-04-05 09:56:00,0.0
2013-04-05 09:57:00,0.0
2013-04-05 09:58:00,0.0
2013-04-05 09:59:00,0.0
2013-04-05 10:00:00,0.0
2013-04-05 10:01:00,0.0
2013-04-05 10:02:00,0.0
2013-04-05 10:03:00,0.0
2013-04-05 10:04:00,0.0
2013-04-05 10:05:00,0.0
2013-04-05 10:06:00,0.0
2013-04-05 10:07:00,0.0
2013-04-05 10:08:00,0.0
2013-04-05 10:09:00,0.0
2013-04-05 10:10:00,0.0
2013-04-05 10:11:00,0.0
2013-04-05 10:12:00,0.0
2013-04-05 10:13:00,0.0
2013-04-05 10:14:00,0.0
2013-04-05 10:15:00,0.0
2013-04-05 10:16:00,0.0
2013-04-05 10:17:00,0.0
2013-04-05 10:18:00,0.0
2013-04-05 10:19:00,0.0
2013-04-05 10:20:00,0.0
2013-04-05 10:21:00,0.0
2013-04-05 10:22:00,0.0
2013-04-05 10:23:00,0.0
2013-04-05 10:24:00,0.0
2013-04-05 10:25:00,0.0
2013-04-05 10:26:00,0.0
2013-04-05 10:27:00,0.0
2013-04-05 10:28:00,0.0
2013-04-05 10:29:00,0.0
2013-04-05 10:30:00,0.0
2013-04-05 10:31:00,0.0
2013-04-05 10:32:00,0.0
2013-04-05 10:33:00,0.0
2013-04-05 10:34:00,0.0
2013-04-05 10:35:00,0.0
2013-04-05 10:36:00,0.0
2013-04-05 10:37:00,0.0
2013-04-05 10:38:00,0.0
2013-04-05 10:39:00,0.0
2013-04-05 10:40:00,0.0
2013-04-05 10:41:00,0.0
2013-04-05 10:42:00,0.0
2013-04-05 10:43:00,0.0
2013-04-05 10:44:00,0.0
2013-04-05 10:45:00,0.0
2013-04-05 10:46:00,0.0
2013-04-05 10:47:00,0.0
2013-04-05 10:48:00,0.0
2013-04-05 10:49:00,0.0
2013-04-05 10:50:00,0.0
2013-04-05 10:51:00,0.0
2013-04-05 10:52:00,0.0
2013-04-05 10:53:00,0.0
2013-04-05 10:54:00,0.0
2013-04-05 10:55:00,0.0
2013-04-05 10:56:00,0.0
2013-04-05 10:57:00,0.0
2013-04-05 10:58:00,0.0
2013-04-05 10:59:00,0.0
2013-04-05 11:00:00,0.0
2013-04-05 11:01:00,0.0
2013-04-05 11:02:00,0.0
2013-04-05 11:03:00,0.0
2013-04-05 11:04:00,0.0
2013-04-05 11:05:00,0.0
2013-04-05 11:06:00,0.0
2013-04-05 11:07:00,0.0
2013-04-05 11:08:00,0.0
2013-04-05 11:09:00,0.0
2013-04-05 11:10:00,0.0
2013-04-05 11:11:00,0.0
2013-04-05 11:12:00,0.0
2013-04-05 11:13:00,0.0
2013-04-05 11:14:00,0.0
2013-04-05 11:15:00,0.0
2013-04-05 11:16:00,0.0
2013-04-05 11:17:00,0.0
2013-04-05 11:18:00,0.0
2013-04-05 11:19:00,0.0
2013-04-05 11:20:00,0.0
2013-04-05 11:21:00,0.0
2013-04-05 11:22:00,0.0
2013-04-05 11:23:00,0.0
2013-04-05 11:24:00,0.0
2013-04-05 11:25:00,0.0
2013-04-05 11:26:00,0.0
2013-04-05 11:27:00,0.0
2013-04-05 11:28:00,0.0
2013-04-05 11:29:00,0.0
2013-04-05 11:30:00,0.0
2013-04-05 11:31:00,0.0
2013-04-05 11:32:00,0.0
2013-04-05 11:33:00,0.0
2013-04-05 11:34:00,0.0
2013-04-05 11:35:00,0.0
2013-04-05 11:36:00,0.0
2013-04-05 11:37:00,0.0
2013-04-05 11:38:00,0.0
2013-04-05 11:39:00,0.0
2013-04-05 11:40:00,0.0
2013-04-05 11:41:00,0.0
2013-04-05 11:42:00,0.0
2013-04-05 11:43:00,0.0
2013-04-05 11:44:00,0.0
2013-04-05 11:45:00,0.0
2013-04-05 11:46:00,0.0
2013-04-05 11:47:00,0.0
2013-04-05 11:48:00,0.0
2013-04-05 11:49:00,0.0
2013-04-05 11:50:00,0.0
2013-04-05 11:51:00,0.0
2013-04-05 11:52:00,0.0
2013-04-05 11:53:00,0.0
2013-04-05 11:54:00,0.0
2013-04-05 11:55:00,0.0
2013-04-05 11:56:00,0.0
2013-04-05 11:57:00,0.0
2013-04-05 11:58:00,0.0
2013-04-05 11:59:00,0.0
2013-04-05 12:00:00,0.0
2013-04-05 12:01:00,0.0
2013-04-05 12:02:00,0.0
2013-04-05 12:03:00,0.0
2013-04-05 12:04:00,0.0
2013-04-05 12:05:00,0.0
2013-04-05 12:06:00,0.0
2013-04-05 12:07:00,0.0
2013-04-05 12:08:00,0.0
2013-04-05 12:09:00,0.0
2013-04-05 12:10:00,0.0
2013-04-05 12:11:00,0.0
2013-04-05 12:12:00,0.0
2013-04-05 12:13:00,0.0
2013-04-05 12:14:00,0.0
2013-04-05 12:15:00,0.0
2013-04-05 12:16:00,0.0
2013-04-05 12:17:00,0.0
2013-04-05 12:18:00,0.0
2013-04-05 12:19:00,0.0
2013-04-05 12:20:00,0.0
2013-04-05 12:21:00,0.0
2013-04-05 12:22:00,0.0
2013-04-05 12:23:00,0.0
2013-04-05 12:24:00,0.0
2013-04-05 12:25:00,0.0
2013-04-05 12:26:00,0.0
2013-04-05 12:27:00,0.0
2013-04-05 12:28:00,0.0
2013-04-05 12:29:00,0.0
2013-04-05 12:30:00,0.0
2013-04-05 12:31:00,0.0
2013-04-05 12:32:00,0.0
2013-04-05 12:33:00,0.0
2013-04-05 12:34:00,0.0
2013-04-05 12:35:00,0.0
2013-04-05 12:36:00,0.0
2013-04-05 12:37:00,0.0
2013-04-05 12:38:00,0.0
2013-04-05 12:39:00,0.0
2013-04-05 12:40:00,0.0
2013-04-05 12:41:00,0.0
2013-04-05 12:42:00,0.0
2013-04-05 12:43:00,0.0
2013-04-05 12:44:00,0.0
2013-04-05 12:45:00,0.0
2013-04-05 12:46:00,0.0
2013-04-05 12:47:00,0.0
2013-04-05 12:48:00,0.0
2013-04-05 12:49:00,0.0
2013-04-05 12:50:00,0.0
2013-04-05 12:51:00,0.0
2013-04-05 12:52:00,0.0
2013-04-05 12:53:00,0.0
2013-04-05 12:54:00,0.0
2013-04-05 12:55:00,0.0
2013-04-05 12:56:00,0.0
2013-04-05 12:57:00,0.0
2013-04-05 12:58:00,0.0
2013-04-05 12:59:00,0.0
2013-04-05 13:00:00,0.0
2013-04-05 13:01:00,0.0
2013-04-05 13:02:00,0.0
2013-04-05 13:03:00,0.0
2013-04-05 13:04:00,0.0
2013-04-05 13:05:00,0.0
2013-04-05 13:06:00,0.0
2013-04-05 13:07:00,0.0
2013-04-05 13:08:00,0.0
2013-04-05 13:09:00,0.0
2013-04-05 13:10:00,0.0
2013-04-05 13:11:00,0.0
2013-04-05 13:12:00,0.0
2013-04-05 13:13:00,0.0
2013-04-05 13:14:00,0.0
2013-04-05 13:15:00,0.0
2013-04-05 13:16:00,0.0
2013-04-05 13:17:00,0.0
2013-04-05 13:18:00,0.0
2013-04-05 13:19:00,0.0
2013-04-05 13:20:00,0.0
2013-04-05 13:21:00,0.0
2013-04-05 13:22:00,0.0
2013-04-05 13:23:00,0.0
2013-04-05 13:24:00,0.0
2013-04-05 13:25:00,0.0
2013-04-05 13:26:00,0.0
2013-04-05 13:27:00,0.0
2013-04-05 13:28:00,0.0
2013-04-05 13:29:00,0.0
2013-04-05 13:30:00,0.0
2013-04-05 13:31:00,0.0
2013-04-05 13:32:00,0.0
2013-04-05 13:33:00,0.0
2013-04-05 13:34:00,0.0
2013-04-05 13:35:00,0.0
2013-04-05 13:36:00,0.0
2013-04-05 13:37:00,0.0
2013-04-05 13:38:00,0.0
2013-04-05 13:39:00,0.0
2013-04-05 13:40:00,0.0
2013-04-05 13:41:00,0.0
2013-04-05 13:42:00,0.0
2013-04-05 13:43:00,0.0
2013-04-05 13:44:00,0.0
2013-04-05 13:45:00,0.0
2013-04-05 13:46:00,0.0
2013-04-05 13:47:00,2.2737367544323206e-13
2013-04-05 13:48:00,0.0
2013-04-05 13:49:00,0.0
2013-04-05 13:50:00,3.410605131648481e-13
2013-04-05 13:51:00,3.410605131648481e-13
2013-04-05 13:52:00,4.547473508864641e-13
2013-04-05 13:53:00,0.0
2013-04-05 13:54:00,0.0
2013-04-05 13:55:00,0.0
2013-04-05 13:56:00,0.0
2013-04-05 13:57:00,0.0
2013-04-05 13:58:00,0.0
2013-04-05 13:59:00,0.0
2013-04-05 14:00:00,0.0
2013-04-05 14:01:00,0.0
2013-04-05 14:02:00,0.0
2013-04-05 14:03:00,0.0
2013-04-05 14:04:00,0.0
2013-04-05 14:05:00,0.0
2013-04-05 14:06:00,0.0
2013-04-05 14:07:00,0.0
2013-04-05 14:08:00,0.0
2013-04-05 14:09:00,0.0
2013-04-05 14:10:00,0.0
2013-04-05 14:11:00,5.684341886080802e-14
2013-04-05 14:12:00,0.0
2013-04-05 14:13:00,0.0
2013-04-05 14:14:00,0.0
2013-04-05 14:15:00,0.0
2013-04-05 14:16:00,0.0
2013-04-05 14:17:00,0.0
2013-04-05 14:18:00,0.0
2013-04-05 14:19:00,0.0
2013-04-05 14:20:00,0.0
2013-04-05 14:21:00,0.0
2013-04-05 14:22:00,0.0
2013-04-05 14:23:00,0.0
2013-04-05 14:24:00,0.0
2013-04-05 14:25:00,0.0
2013-04-05 14:26:00,0.0
2013-04-05 14:27:00,0.0
2013-04-05 14:28:00,0.0
2013-04-05 14:29:00,0.0
2013-04-05 14:30:00,0.0
2013-04-05 14:31:00,0.0
2013-04-05 14:32:00,0.0
2013-04-05 14:33:00,0.0
2013-04-05 14:34:00,0.0
2013-04-05 14:35:00,0.0
2013-04-05 14:36:00,0.0
2013-04-05 14:37:00,0.0
2013-04-05 14:38:00,0.0
2013-04-05 14:39:00,0.0
2013-04-05 14:40:00,0.0
2013-04-05 14:41:00,0.0
2013-04-05 14:42:00,0.0
2013-04-05 14:43:00,0.0
2013-04-05 14:44:00,0.0
2013-04-05 14:45:00,0.0
2013-04-05 14:46:00,0.0
2013-04-05 14:47:00,5.684341886080802e-14
2013-04-05 14:48:00,0.0
2013-04-05 14:49:00,0.0
2013-04-05 14:50:00,0.0
2013-04-05 14:51:00,0.0
2013-04-05 14:52:00,0.0
2013-04-05 14:53:00,0.0
2013-04-05 14:54:00,0.0
2013-04-05 14:55:00,0.0
2013-04-05 14:56:00,0.0
2013-04-05 14:57:00,0.0
2013-04-05 14:58:00,0.0
2013-04-05 14:59:00,0.0
2013-04-05 15:00:00,0.0
2013-04-05 15:01:00,0.0
2013-04-05 15:02:00,0.0
2013-04-05 15:03:00,0.0
2013-04-05 15:04:00,0.0
2013-04-05 15:05:00,0.0
2013-04-05 15:06:00,0.0
2013-04-05 15:07:00,0.0
2013-04-05 15:08:00,0.0
2013-04-05 15:09:00,0.0
2013-04-05 15:10:00,0.0
2013-04-05 15:11:00,0.0
2013-04-05 15:12:00,0.0
2013-04-05 15:13:00,0.0
2013-04-05 15:14:00,0.0
2013-04-05 15:15:00,0.0
2013-04-05 15:16:00,0.0
2013-04-05 15:17:00,0.0
2013-04-05 15:18:00,0.0
2013-04-05 15:19:00,0.0
2013-04-05 15:20:00,0.0
2013-04-05 15:21:00,0.0
2013-04-05 15:22:00,0.0
2013-04-05 15:23:00,0.0
2013-04-05 15:24:00,0.0
2013-04-05 15:25:00,0.0
2013-04-05 15:26:00,0.0
2013-04-05 15:27:00,0.0
2013-04-05 15:28:00,0.0
2013-04-05 15:29:00,0.0
2013-04-05 15:30:00,0.0
2013-04-05 15:31:00,0.0
2013-04-05 15:32:00,0.0
2013-04-05 15:33:00,0.0
2013-04-05 15:34:00,0.0
2013-04-05 15:35:00,0.0
2013-04-05 15:36:00,0.0
2013-04-05 15:37:00,0.0
2013-04-05 15:38:00,0.0
2013-04-05 15:39:00,0.0
2013-04-05 15:40:00,0.0
2013-04-05 15:41:00,0.0
2013-04-05 15:42:00,0.0
2013-04-05 15:43:00,0.0
2013-04-05 15:44:00,0.0
2013-04-05 15:45:00,0.0
2013-04-05 15:46:00,0.0
2013-04-05 15:47:00,0.0
2013-04-05 15:48:00,0.0
2013-04-05 15:49:00,0.0
2013-04-05 15:50:00,0.0
2013-04-05 15:51:00,0.0
2013-04-05 15:52:00,0.0
2013-04-05 15:53:00,0.0
2013-04-05 15:54:00,0.0
2013-04-05 15:55:00,0.0
2013-04-05 15:56:00,0.0
2013-04-05 15:57:00,0.0
2013-04-05 15:58:00,0.0
2013-04-05 15:59:00,0.0
2013-04-05 16:00:00,0.0
2013-04-05 16:01:00,0.0
2013-04-05 16:02:00,0.0
2013-04-05 16:03:00,0.0
2013-04-05 16:04:00,0.0
2013-04-05 16:05:00,0.0
2013-04-05 16:06:00,0.0
2013-04-05 16:07:00,0.0
2013-04-05 16:08:00,0.0
2013-04-05 16:09:00,0.0
2013-04-05 16:10:00,0.0
2013-04-05 16:11:00,0.0
2013-04-05 16:12:00,0.0
2013-04-05 16:13:00,0.0
2013-04-05 16:14:00,0.0
2013-04-05 16:15:00,0.0
2013-04-05 16:16:00,0.0
2013-04-05 16:17:00,0.0
2013-04-05 16:18:00,0.0
2013-04-05 16:19:00,0.0
2013-04-05 16:20:00,0.0
2013-04-05 16:21:00,0.0
2013-04-05 16:22:00,0.0
2013-04-05 16:23:00,0.0
2013-04-05 16:24:00,0.0
2013-04-05 16:25:00,0.0
2013-04-05 16:26:00,0.0
2013-04-05 16:27:00,0.0
2013-04-05 16:28:00,0.0
2013-04-05 16:29:00,0.0
2013-04-05 16:30:00,0.0
2013-04-05 16:31:00,0.0
2013-04-05 16:32:00,0.0
2013-04-05 16:33:00,0.0
2013-04-05 16:34:00,0.0
2013-04-05 16:35:00,0.0
2013-04-05 16:36:00,0.0
2013-04-05 16:37:00,0.0
2013-04-05 16:38:00,0.0
2013-04-05 16:39:00,0.0
2013-04-05 16:40:00,0.0
2013-04-05 16:41:00,0.0
2013-04-05 16:42:00,0.0
2013-04-05 16:43:00,0.0
2013-04-05 16:44:00,0.0
2013-04-05 16:45:00,3.410605131648481e-13
2013-04-05 16:46:00,6.821210263296962e-13
2013-04-05 16:47:00,4.547473508864641e-13
2013-04-05 16:48:00,3.410605131648481e-13
2013-04-05 16:49:00,5.684341886080801e-13
2013-04-05 16:50:00,5.684341886080801e-13
2013-04-05 16:51:00,4.547473508864641e-13
2013-04-05 16:52:00,4.547473508864641e-13
2013-04-05 16:53:00,5.684341886080801e-13
2013-04-05 16:54:00,3.410605131648481e-13
2013-04-05 16:55:00,4.547473508864641e-13
2013-04-05 16:56:00,5.684341886080801e-13
2013-04-05 16:57:00,3.410605131648481e-13
2013-04-05 16:58:00,3.410605131648481e-13
2013-04-05 16:59:00,5.684341886080801e-13
2013-04-05 17:00:00,4.547473508864641e-13
2013-04-05 17:01:00,3.410605131648481e-13
2013-04-05 17:02:00,3.410605131648481e-13
2013-04-05 17:03:00,4.547473508864641e-13
2013-04-05 17:04:00,4.547473508864641e-13
2013-04-05 17:05:00,4.547473508864641e-13
2013-04-05 17:06:00,3.410605131648481e-13
2013-04-05 17:07:00,6.821210263296962e-13
2013-04-05 17:08:00,5.684341886080801e-13
2013-04-05 17:09:00,6.821210263296962e-13
2013-04-05 17:10:00,4.547473508864641e-13
2013-04-05 17:11:00,5.684341886080801e-13
2013-04-05 17:12:00,5.684341886080801e-13
2013-04-05 17:13:00,5.684341886080801e-13
2013-04-05 17:14:00,0.0
2013-04-05 17:15:00,0.0
2013-04-05 17:16:00,0.0
2013-04-05 17:17:00,0.0
2013-04-05 17:18:00,0.0
2013-04-05 17:19:00,0.0
2013-04-05 17:20:00,0.0
2013-04-05 17:21:00,0.0
2013-04-05 17:22:00,0.0
2013-04-05 17:23:00,0.0
2013-04-05 17:24:00,0.0
2013-04-05 17:25:00,0.0
2013-04-05 17:26:00,0.0
2013-04-05 17:27:00,0.0
2013-04-05 17:28:00,0.0
2013-04-05 17:29:00,0.0
2013-04-05 17:30:00,0.0
2013-04-05 17:31:00,0.0
2013-04-05 17:32:00,0.0
2013-04-05 17:33:00,0.0
2013-04-05 17:34:00,0.0
2013-04-05 17:35:00,0.0
2013-04-05 17:36:00,0.0
2013-04-05 17:37:00,0.0
2013-04-05 17:38:00,0.0
2013-04-05 17:39:00,0.0
2013-04-05 17:40:00,0.0
2013-04-05 17:41:00,0.0
2013-04-05 17:42:00,0.0
2013-04-05 17:43:00,0.0
2013-04-05 17:44:00,0.0
2013-04-05 17:45:00,0.0
2013-04-05 17:46:00,0.0
2013-04-05 17:47:00,0.0
2013-04-05 17:48:00,0.0
2013-04-05 17:49:00,0.0
2013-04-05 17:50:00,0.0
2013-04-05 17:51:00,0.0
2013-04-05 17:52:00,0.0
2013-04-05 17:53:00,0.0
2013-04-05 17:54:00,0.0
2013-04-05 17:55:00,0.0
2013-04-05 17:56:00,0.0
2013-04-05 17:57:00,0.0
2013-04-05 17:58:00,0.0
2013-04-05 17:59:00,0.0
2013-04-05 18:00:00,0.0
2013-04-05 18:01:00,0.0
2013-04-05 18:02:00,0.0
2013-04-05 18:03:00,0.0
2013-04-05 18:04:00,1.7053025658242404e-13
2013-04-05 18:05:00,0.0
2013-04-05 18:06:00,0.0
2013-04-05 18:07:00,0.0
2013-04-05 18:08:00,0.0
2013-04-05 18:09:00,0.0
2013-04-05 18:10:00,0.0
2013-04-05 18:11:00,0.0
2013-04-05 18:12:00,0.0
2013-04-05 18:13:00,0.0
2013-04-05 18:14:00,0.0
2013-04-05 18:15:00,0.0
2013-04-05 18:16:00,0.0
2013-04-05 18:17:00,0.0
2013-04-05 18:18:00,0.0
2013-04-05 18:19:00,0.0
2013-04-05 18:20:00,0.0
2013-04-05 18:21:00,0.0
2013-04-05 18:22:00,0.0
2013-04-05 18:23:00,0.0
2013-04-05 18:24:00,0.0
2013-04-05 18:25:00,0.0
2013-04-05 18:26:00,0.0
2013-04-05 18:27:00,0.0
2013-04-05 18:28:00,0.0
2013-04-05 18:29:00,0.0
2013-04-05 18:30:00,0.0
2013-04-05 18:31:00,0.0
2013-04-05 18:32:00,0.0
2013-04-05 18:33:00,0.0
2013-04-05 18:34:00,0.0
2013-04-05 18:35:00,0.0
2013-04-05 18:36:00,0.0
2013-04-05 18:37:00,0.0
2013-04-05 18:38:00,0.0
2013-04-05 18:39:00,0.0
2013-04-05 18:40:00,0.0
2013-04-05 18:41:00,0.0
2013-04-05 18:42:00,0.0
2013-04-05 18:43:00,0.0
2013-04-05 18:44:00,0.0
2013-04-05 18:45:00,0.0
2013-04-05 18:46:00,0.0
2013-04-05 18:47:00,0.0
2013-04-05 18:48:00,0.0
2013-04-05 18:49:00,0.0
2013-04-05 18:50:00,0.0
2013-04-05 18:51:00,0.0
2013-04-05 18:52:00,0.0
2013-04-05 18:53:00,0.0
2013-04-05 18:54:00,0.0
2013-04-05 18:55:00,0.0
2013-04-05 18:56:00,0.0
2013-04-05 18:57:00,0.0
2013-04-05 18:58:00,0.0
2013-04-05 18:59:00,0.0
2013-04-05 19:00:00,0.0
2013-04-05 19:01:00,0.0
2013-04-05 19:02:00,0.0
2013-04-05 19:03:00,0.0
2013-04-05 19:04:00,0.0
2013-04-05 19:05:00,0.0
2013-04-05 19:06:00,0.0
2013-04-05 19:07:00,0.0
2013-04-05 19:08:00,0.0
2013-04-05 19:09:00,0.0
2013-04-05 19:10:00,0.0
2013-04-05 19:11:00,0.0
2013-04-05 19:12:00,0.0
2013-04-05 19:13:00,0.0
2013-04-05 19:14:00,0.0
2013-04-05 19:15:00,0.0
2013-04-05 19:16:00,0.0
2013-04-05 19:17:00,0.0
2013-04-05 19:18:00,0.0
2013-04-05 19:19:00,0.0
2013-04-05 19:20:00,0.0
2013-04-05 19:21:00,0.0
2013-04-05 19:22:00,0.0
2013-04-05 19:23:00,0.0
2013-04-05 19:24:00,0.0
2013-04-05 19:25:00,0.0
2013-04-05 19:26:00,0.0
2013-04-05 19:27:00,0.0
2013-04-05 19:28:00,0.0
2013-04-05 19:29:00,0.0
2013-04-05 19:30:00,0.0
2013-04-05 19:31:00,0.0
2013-04-05 19:32:00,0.0
2013-04-05 19:33:00,0.0
2013-04-05 19:34:00,0.0
2013-04-05 19:35:00,0.0
2013-04-05 19:36:00,0.0
2013-04-05 19:37:00,0.0
2013-04-05 19:38:00,0.0
2013-04-05 19:39:00,0.0
2013-04-05 19:40:00,0.0
2013-04-05 19:41:00,0.0
2013-04-05 19:42:00,0.0
2013-04-05 19:43:00,0.0
2013-04-05 19:44:00,0.0
2013-04-05 19:45:00,0.0
2013-04-05 19:46:00,0.0
